Role,Summary,ViewAllOrganizations,ManageOrganizations,ViewAllAccounts,ManageAccounts,AssignOrganizationMemberships,ReserveScopeSlug,ConfigureMirroring,ViewInstallationMetrics,ViewAuditLog,DeletePackage,ErasePackageVersion,RevokeAnyApiKey,MonitorPlatformHealth,PerformPlatformMaintenance,ConfigurePlatformDefaults,ManageBillingAndQuotas,SuspendOrganizations,CreateOrganization,ManageOrganizationSettings,InviteOrganizationMembers,RemoveOrganizationMembers,ManageOrganizationRoles,ConfigurePublishingPolicy,TransferOrganizationAdministration,ConfigureDefaultPackageVisibility,ViewOrganizationPackageList,ViewOrganizationMemberList,LeaveOrganization,AcceptOrganizationInvitation,PublishPackageToPersonalScope,PublishPackageToOrganizationScope,PublishPackageVersion,UnlistPackageVersion,RelistPackageVersion,SetPackageVisibility,ManagePackageTeam,TransferPackageOwnership,ManagePackageSettings,ReadPublicPackage,ReadOrganizationVisiblePackage,ReadPrivatePackage,AcceptPackageInvitation,ManageOwnProfile,ViewOwnMemberships,IssueApiKey,RevokeOwnApiKey,ListOwnApiKeys
InstallationAdministrator,"Super-admin over the entire installation across all accounts and organizations.",X,X,X,X,X,X,X,X,X,X,X,X,,,X,,X,X,X,X,X,X,X,X,X,X,X,X,X,X,X,X,X,X,X,X,X,X,X,X,,X,X,X,X,X,X
PlatformOperator,"Internal operations team responsible for SaaS infrastructure health and maintenance.",,,,,,,,X,,,,,X,X,X,X,X,,,,,,,,,,,,,,,,,,,,,,X,,,,,,,,
OrganizationAdministrator,"Owner and administrator of an Organization tenant.",,,,,,,,,,,,,,,,,,X,X,X,X,X,X,X,X,X,X,X,X,X,X,,,,,,,,X,X,,X,X,X,X,X,X
OrganizationMember,"Regular member of an Organization.",,,,,,,,,,,,,,,,,,X,,,,,,,,X,X,X,X,X,X,,,,,,,,X,X,,X,X,X,X,X,X
PackageOwner,"Owner of a Package artefact container.",,,,,,,,,,,,,,,,,,,,,,,,,,,,,,,,X,X,X,X,X,X,X,X,X,X,X,X,X,X,X,X
PackageMaintainer,"Maintainer of a Package with publishing and unlisting rights.",,,,,,,,,,,,,,,,,,,,,,,,,,,,,,,,X,X,X,,,,,X,X,X,X,X,X,X,X,X
PackageReader,"Explicit read access grant on a restricted package.",,,,,,,,,,,,,,,,,,,,,,,,,,,,,,,,,,,,,,,X,X,X,X,X,X,X,X,X
Account,"Authenticated user account with personal scope and self-service capabilities.",,,,,,,,,,,,,,,,,,X,,,,,,,,,,,X,X,,,,,,,,,X,,,X,X,X,X,X,X
Anonymous,"Unauthenticated visitor or crawler.",,,,,,,,,,,,,,,,,,,,,,,,,,,,,,,,,,,,,,,X,,,,,,,,
